ID	Known Mutation Sites
A0A060GYS1	H22,P224
A0A410ZNC6	V126,F184,P250,A341
A0A7H0P088	E67
B8YLY0	M165,M168,S194
D4Z2G1	E15,A53,D68,A81,E139,D147,D149,Q152,A153,D166,F169,Q172,E192,A197,Q210,V220,G229,A247,L248,T249,A271
O68541	A334,G348
O95295	C66
P00004	T50
P00099	Y49
P00171	S23,F40,D76
P00282	K44
P00441	A5
P00644	T115,T123,T126,T144,V148,T164,G170,K198,P199,H206,S210
P00651	S43,Q51,Y68,W85,S149
P00711	E20,E26,E30,E44,D56,L129,K133
P00712	W137
P00889	D402
P00943	H13
P00974	D38
P01006	M104
P01009	K355
P01012	S165
P01236	G157
P01857	L125,Q230,S237,K243,K275,S283,Q301,N304,S307,T320,Q321
P02549	R28
P02625	A22,H27
P02640	H791
P02925	F41
P03023	K84
P03034	V37,Y86
P03040	Y26
P03050	P8,N11,N29,N34,S35,Q39,S44,E48,G52
P03051	D30
P03661	T31,R47,Q147
P04164	M69
P04179	Y58,Q167
P04275	G1324
P04925	Y154
P05230	H36,L59,H117,F123,K127,K133
P05798	T16,S31,Q38,S48,E74,D79
P06547	S317
P06876	V103
P07017	A438,S461
P07845	A8
P08168	F377
P08519	G41
P08821	E15,S27,I42
P08877	G49
P0A115	Q110,K154
P0A3D9	V19,D127
P0A3E0	V19,E21,I23,E41,E62,G69,E73,D76,V84,Q100,A102,E108,Q112,T123,D127
P0A3H0	S31
P0A877	T24,P78,M101,Y102,G211
P0A9X9	Y42,T68
P0AA04	K49
P0ABQ4	D27,I61,T68,Q108,T113,D116,E120,S138
P10762	T47
P13123	V30
P14756	D398,R402
P15452	Y43,V46
P16304	Q16,Q199,G214
P20789	A86,H103,F358
P21549	P11,Q23,S48,D52,V113,I340
P24058	D117
P24821	Q808,I833,D850,A885,E887,T890
P29160	K23,E48,D49,E51
P29768	A53,A69
P31513	V257
P32081	M1,E3,F38,E43,A46,S48,T64,K65,E66
P41016	Q2,N11,R56
P42771	F71,F82,F92
P43080	L84,D100,I107
P46937	A180,L190,D194
P50455	G154
P54178	F61
P61495	I11,P56,L134,V181,D184
P62593	M180
P62898	N53,Y68
P62964	R112,R132
P63096	G42,V50,A59,T177,R178,K180,D200,A226,E297,A300,F334
P63159	I122,G123
P69168	T31,T119
P78352	D332,E401
P80040	T187
P81662	E2
P96110	K194
Q02307	Y61,Y65,Y74,Y75,Y81,F82,Y241,F244
Q03026	D10,A33,D35,W40
Q13526	K13,F25,N30
Q16595	L203
Q8NBP7	S386
Q91472	T179
Q93D82	S2,A29,D39,E42,A45,T47,E58,A60,E61,E64,S68,Q87,A93,G99,T134,C153,N157,A158,E190,E197,V199,V236,P244,E247
Q9EYL5	E114,T171
Q9NAV8	H56
Q9R782	S140
Q9REI6	G130
Q9ZAG3	A19,E45,T76,T85,N92,Y96,E124
Q9ZEU2	R292,H400
